{"0": 0.8042145593869732, "1": 0.698967698967699, "2": 3.068713450292398}